arbres_espece,arbres_genre,com_adresse,lat,lon,species_count,rarity_norm,size_raw,size_norm,nn_dist_m,isolation_norm,conservation_score,cluster
ilex,Quercus,Avenue de Gravelle / Route Nouvelle,48.81838918662161,2.4379185082282153,4,0.23026315789473686,23.0,0.47619047619047616,853.4886174379166,0.4864691330297754,0.4541580974954309,-1
orientalis,Platanus,Allee de Longchamp / Route de Sevres à Neuilly,48.8702223204405,2.248197423011967,6,0.14473684210526316,25.0,0.5238095238095238,122.29446642396557,0.06970506910120924,0.24859555502643815,-1
cerris,Quercus,1 Rue Emile Deslandres,48.83328754017152,2.350246670407136,2,0.4868421052631579,8.0,0.11904761904761904,66.35214144791841,0.03781921406489741,0.2568884183875169,-1
pavia,Aesculus,,48.89410543041636,2.326277977159145,1,1.0,21.0,0.4285714285714286,110.5162907017198,0.06299177636922967,0.6903687930454312,-1
glabra,Ulmus,2 Quai de l'Archeveche,48.852102027274,2.350803868692218,1,1.0,10.0,0.16666666666666666,117.53961070101866,0.06699490930064,0.5806479785569787,-1
robur,Quercus,Route Ronde des Minimes,48.83417403143496,2.461320616442216,2,0.4868421052631579,30.0,0.6428571428571428,1186.6813225450553,0.6763814096244961,0.7514039912251788,-1
nigra subsp. laricio,Pinus,Carrefour de Longchamp,48.86300960058363,2.241773747107387,1,1.0,20.0,0.40476190476190477,124.40489672282337,0.0709079664531236,0.6836071858068314,-1
pseudoplatanus,Acer,,48.87870298813323,2.306474175057195,1,1.0,28.0,0.5952380952380952,122.550422926081,0.06985095849578746,0.7641930551882653,-1
sylvatica,Fagus,28 Boulevard Jourdan,48.823345239668,2.339683429513845,11,0.06698564593301437,5.0,0.047619047619047616,114.4492734833212,0.06523348725429118,0.0,-1
orientalis,Platanus,3 Q Rue des Ecoles,48.849351161300056,2.3450329331937785,6,0.14473684210526316,24.0,0.5,18.056902118303316,0.01029202421593337,0.2131896211540386,-1
orientalis,Platanus,,48.87858281831969,2.307559794134397,6,0.14473684210526316,31.0,0.6666666666666666,122.550422926081,0.06985095849578746,0.3094342912354231,-1
x hispanica,Platanus,127 Rue de Grenelle,48.85777577693094,2.314530471693944,39,0.0,25.0,0.5238095238095238,64.40615169708502,0.03671004409164746,0.15245644420919197,-1
tulipifera,Liriodendron,31 Route de ceinture du Lac Daumesnil,48.83198939877914,2.4119924411807285,4,0.23026315789473686,21.0,0.4285714285714286,24.561216787364106,0.013999335893398144,0.23289322266666462,-1
x hispanica,Platanus,28 Boulevard Jourdan,48.824133933850376,2.3379656946839114,39,0.0,26.0,0.5476190476190477,189.02539397188846,0.10774018264257074,0.1928047159181439,-1
araucana,Araucaria,Allee de Longchamp / Route de Sevres à Neuilly,48.871660039793895,2.250432980599612,1,1.0,12.0,0.21428571428571427,293.71322071127634,0.16740986689162385,0.6436270752315126,-1
x hispanica,Platanus,Cimetiere Du Pere Lachaise / Div 45,48.86125585510327,2.3950502620751446,39,0.0,26.0,0.5476190476190477,364.8421471426727,0.2079517399376777,0.23543838880863766,-1
ilex,Quercus,28 Boulevard Jourdan,48.82183889078391,2.3357861462281275,4,0.23026315789473686,17.0,0.33333333333333337,63.06645856022923,0.035946449422079904,0.2017125502535949,-1
x hispanica,Platanus,3 Place de Varsovie,48.86261831314692,2.289804250957924,39,0.0,28.0,0.5952380952380952,36.83733652869553,0.02099644541017458,0.17615963760641262,-1
x hispanica,Platanus,10 Avenue Foch,48.873134003251636,2.286795534244933,39,0.0,24.0,0.5,100.72716505035893,0.05741219701522211,0.15113445463556552,-1
x hispanica,Platanus,,48.86826040521768,2.29356204045388,39,0.0,16.0,0.30952380952380953,958.4500189641356,0.5462947486956622,0.2780874681942691,-1
atlantica,Cedrus,Route du Pesage / Route de la Tourelle,48.82012550824947,2.445117758922643,8,0.10197368421052633,22.0,0.45238095238095233,853.4886174379166,0.4864691330297754,0.37125658777131954,-1
virginiana,Diospyros,31 Route de ceinture du Lac Daumesnil,48.83138289735175,2.4114313653728985,1,1.0,15.0,0.2857142857142857,39.25840787488854,0.02237640110580097,0.6123128528616779,-1
cerris,Quercus,,48.868295444671816,2.3631894428551883,2,0.4868421052631579,7.0,0.09523809523809523,651.0698929241048,0.37109505608095217,0.38854674340675,-1
giganteum,Sequoiadendron,Route de la Porte Saint-James,48.87647407797467,2.2574997537301686,5,0.17894736842105266,29.0,0.6190476190476191,445.2659765438306,0.2537914966308146,0.38683633841553305,-1
x hispanica,Platanus,31 Route de ceinture du Lac Daumesnil,48.832341186823534,2.411435728413432,39,0.0,35.0,0.7619047619047619,10.925452518385855,0.006227259867310126,0.2407823986722995,0
fraxinifolia,Pterocarya,Chemin de Ceinture du lac Inferieur,48.863110850991035,2.2618006494055565,6,0.14473684210526316,28.0,0.5952380952380952,52.80366930638897,0.030096892569441352,0.26213311839631603,-1
atlantica,Cedrus,20 Rue Saillard,48.831967357296605,2.325816813761035,8,0.10197368421052633,20.0,0.40476190476190477,1754.4558523627377,1.0,0.569472568424509,-1
hippocastanum,Aesculus,6 Place Saint Pierre,48.88447160112603,2.343107754999368,8,0.10197368421052633,21.0,0.4285714285714286,92.93454274793223,0.05297057923844402,0.1767009545003918,-1
atlantica,Cedrus,Cimetiere Du Pere Lachaise / Div 4,48.860809632390676,2.391843780988739,8,0.10197368421052633,25.0,0.5238095238095238,364.8421471426727,0.2079517399376777,0.2831534056594927,-1
x hispanica,Platanus,31 Route de ceinture du Lac Daumesnil,48.832179973741376,2.410633579855882,39,0.0,29.0,0.6190476190476191,10.016270889579104,0.005709046982339353,0.179785262391234,0
fraxinifolia,Pterocarya,,48.860033380573846,2.2691346154875127,6,0.14473684210526316,28.0,0.5952380952380952,717.1140495890354,0.4087387258125037,0.4232212453236661,-1
japonicum,Styphnolobium,2 Rue Saint Eleuthere,48.88595256938292,2.3416816325136365,2,0.4868421052631579,18.0,0.3571428571428571,159.73128129832838,0.0910432035569417,0.3808263053030208,-1
lotus,Diospyros,Cimetiere Du Pere Lachaise / Div 77,48.86208456965049,2.398576913530044,3,0.3157894736842105,10.0,0.16666666666666666,29.64454598111821,0.01689671811416383,0.17121669113041754,-1
cappadocicum,Acer,Avenue de la Belle Gabrielle,48.84094206801011,2.4641321193579624,1,1.0,18.0,0.3571428571428571,1186.6813225450553,0.6763814096244961,0.920938911432686,-1
x hispanica,Platanus,31 Route de ceinture du Lac Daumesnil,48.832403483414666,2.4114617313961713,39,0.0,32.0,0.6904761904761905,10.925452518385855,0.006227259867310126,0.21039406391812365,0
biloba,Ginkgo,Avenue de Saint-Maurice,48.833685773765076,2.4211119323803025,8,0.10197368421052633,25.0,0.5238095238095238,926.4751045641175,0.5280697734949712,0.4193433611637182,-1
monspessulanum,Acer,1 Avenue Gordon Bennett,48.8462426877782,2.2513754114123214,2,0.4868421052631579,17.0,0.33333333333333337,108.4354839945621,0.061805763791965077,0.35825818088789785,-1
x hispanica,Platanus,,48.833818755961744,2.4112193540499645,39,0.0,26.0,0.5476190476190477,187.28028721404417,0.10674551141417012,0.1923815462865181,-1
x hispanica,Platanus,31 Route de ceinture du Lac Daumesnil,48.83213592811154,2.4107051100274477,39,0.0,35.0,0.7619047619047619,0.0,0.0,0.23813309386801257,0
excelsior,Fraxinus,11 Boulevard d'Algerie,48.88193644668083,2.3982637667416813,1,1.0,21.0,0.4285714285714286,189.5347705469803,0.10803051572470891,0.7095299250835965,-1
ulmoides,Eucommia,,48.857772504306936,2.2972457519078247,2,0.4868421052631579,15.0,0.2857142857142857,255.65479267379425,0.14571742704696855,0.37369839103059876,-1
x hispanica,Platanus,31 Route de ceinture du Lac Daumesnil,48.83209713069508,2.4112534014825378,39,0.0,24.0,0.5,14.568544974283625,0.00830373984883351,0.13024191533669904,0
colurna,Corylus,8 Rue General Blaise,48.86185385430401,2.379087765579776,6,0.14473684210526316,20.0,0.40476190476190477,1430.9438479093847,0.8156055029725159,0.5152817395248728,-1
speciosa,Catalpa,1 Avenue Gordon Bennett,48.84758185001984,2.2532779021891103,1,1.0,3.0,0.0,59.87177612069224,0.03412555296849591,0.49575803408331165,-1
grandiflora,Magnolia,1 Avenue Gordon Bennett,48.84726186005018,2.2525207708771546,6,0.14473684210526316,10.0,0.16666666666666666,38.22432686566692,0.021786998409900116,0.07626777603437417,1
pseudoacacia,Robinia,2 Rue du Fouarre,48.852191438077774,2.3472861856377225,1,1.0,15.0,0.2857142857142857,391.8787281927964,0.22336197725639587,0.6978194904252303,-1
distichum,Taxodium,Chemin de Ceinture du lac Inferieur,48.86017854998492,2.2595002583960007,4,0.23026315789473686,32.0,0.6904761904761905,4.228110768102212,0.0024099271363301543,0.33938655710453075,-1
orientalis,Platanus,,48.86612721531167,2.2625479335146435,6,0.14473684210526316,26.0,0.5476190476190477,517.1622501212149,0.29477074012705934,0.3544761932837912,-1
x hispanica,Platanus,,48.85647419892438,2.394618477682572,39,0.0,23.0,0.47619047619047616,257.34074667346493,0.14667838254630483,0.17898211991156365,-1
giganteum,Sequoiadendron,Carrefour de la Grande Cascade / Carrefour de la Croix Catelan,48.864817944941024,2.252676241273715,5,0.17894736842105266,36.0,0.7857142857142857,56.60282512475656,0.03226232512407146,0.36349581614007337,-1
x hispanica,Platanus,31 Route de ceinture du Lac Daumesnil,48.83221393770444,2.411387908957162,39,0.0,32.0,0.6904761904761905,22.167774987184792,0.012635128411656127,0.21312020627953243,0
sylvatica,Fagus,Allee de Longchamp / Route de Sevres à Neuilly,48.87308761417698,2.248570197282071,11,0.06698564593301437,16.0,0.30952380952380953,22.894215209629326,0.013049182844240585,0.08922277654007472,-1
sylvatica,Fagus,,48.83634112211272,2.290209487098298,11,0.06698564593301437,11.0,0.19047619047619044,14.43661861419419,0.008228544819040217,0.036524675681242666,-1
kaki,Diospyros,Carrefour de la Grande Cascade / Carrefour de la Croix Catelan,48.86482426835401,2.2521678603116206,2,0.4868421052631579,16.0,0.30952380952380953,56.60282512475656,0.03226232512407146,0.3355598733134275,-1
sylvatica,Fagus,Avenue Daumesnil / Esplanade Saint-Louis,48.839886238480304,2.4338831267379852,11,0.06698564593301437,16.0,0.30952380952380953,79.98908869737956,0.045591964363000476,0.10306766968081187,-1
ulmoides,Eucommia,Cimetiere Du Pere Lachaise / Div 75,48.85780390697412,2.3957407859010877,2,0.4868421052631579,14.0,0.26190476190476186,257.34074667346493,0.14667838254630483,0.3639777718361079,-1
colurna,Corylus,50 Avenue Gambetta,48.86583362319786,2.4000829280727647,6,0.14473684210526316,16.0,0.30952380952380953,39.17200640090041,0.022327154227418832,0.13727424764395635,-1
saccharinum,Acer,2 Rue Jean Formige,48.84278366994572,2.2968613367111588,1,1.0,20.0,0.40476190476190477,47.82892363470529,0.02726140049080959,0.6650383354041692,-1
distichum,Taxodium,Chemin de Ceinture du lac Inferieur,48.86020278555863,2.259509509728375,4,0.23026315789473686,35.0,0.7619047619047619,4.228110768102212,0.0024099271363301543,0.3697748918587066,-1
x hispanica,Platanus,,48.84929027609924,2.3562112348828954,39,0.0,25.0,0.5238095238095238,433.0611693112125,0.24683503362481654,0.24185132351931493,-1
orientalis,Platanus,43 Q Rue des Ecoles,48.84931650431551,2.345186352900594,6,0.14473684210526316,24.0,0.5,18.056902118303316,0.01029202421593337,0.2131896211540386,-1
giganteum,Sequoiadendron,Allee de Longchamp / Route de Sevres à Neuilly,48.86945828649669,2.2477134364964235,5,0.17894736842105266,30.0,0.6428571428571428,140.07858933081022,0.07984161536020723,0.3229611222185866,-1
x hispanica,Platanus,50 Avenue Gambetta,48.86562176547551,2.399941138607966,39,0.0,28.0,0.5952380952380952,39.17200640090041,0.022327154227418832,0.17672576995639516,-1
x hispanica,Platanus,10 Avenue Foch,48.87153634227522,2.2781692443163384,39,0.0,27.0,0.5714285714285714,401.8508776684356,0.22904587603458948,0.25454205309357963,-1
nigra,Juglans,,48.83343581082583,2.4127979326349194,3,0.3157894736842105,26.0,0.5476190476190477,187.28028721404417,0.10674551141417012,0.37151278273218635,-1
biloba,Ginkgo,Cimetiere Du Pere Lachaise / Div 84,48.863392800334886,2.396846539577293,8,0.10197368421052633,20.0,0.40476190476190477,81.93342327119386,0.04670019092293121,0.16390385635394644,-1
colurna,Corylus,2 Quai de l'Archeveche,48.85278262187125,2.351016049448295,6,0.14473684210526316,19.0,0.38095238095238093,114.22482327774976,0.06510555573337592,0.18586208379109403,-1
x hispanica,Platanus,1 Rue de la Bonne,48.887747513088314,2.343508517049766,39,0.0,27.0,0.5714285714285714,308.10665745134486,0.17561379902287969,0.23181008729378122,-1
x hispanica,Platanus,,48.88040062826234,2.381298898975054,39,0.0,30.0,0.6428571428571428,9.347691035701418,0.005327971646087771,0.1897525838809085,2
x hispanica,Platanus,31 Route de ceinture du Lac Daumesnil,48.83208718588047,2.4111234049339947,39,0.0,35.0,0.7619047619047619,13.642573103822599,0.0077759569073511045,0.24144127120949743,0
sylvatica,Fagus,,48.85875368149572,2.2954992515919237,11,0.06698564593301437,6.0,0.07142857142857142,255.65479267379425,0.14571742704696855,0.04437026558462599,-1
x hispanica,Platanus,,48.857838762835684,2.293318744984814,39,0.0,25.0,0.5238095238095238,287.89424937900844,0.16409318535504858,0.20664990575170183,-1
carpinifolia,Zelkova,10 Avenue Foch,48.872641757654996,2.281364053188093,3,0.3157894736842105,27.0,0.5714285714285714,401.8508776684356,0.22904587603458948,0.4336732895392478,-1
grandiflora,Magnolia,1 Avenue Gordon Bennett,48.84749478298023,2.2519598546499586,6,0.14473684210526316,10.0,0.16666666666666666,36.317915204324294,0.02070038704901848,0.07580549169742389,3
biloba,Ginkgo,,48.88232085967634,2.384087511289442,8,0.10197368421052633,24.0,0.5,151.77744264065532,0.08650969611817569,0.22135806000997765,-1
koraiensis,Celtis,1 Avenue Gordon Bennett,48.84603981120142,2.2540662827092532,2,0.4868421052631579,9.0,0.14285714285714285,117.9680891738452,0.0672391323013211,0.27953417583890044,-1
fraxinifolia,Pterocarya,,48.88723844266431,2.3171697823653368,6,0.14473684210526316,30.0,0.6428571428571428,11.740233336753974,0.006691666433751139,0.27243456637711366,-1
grandiflora,Magnolia,127 Rue de Grenelle,48.85741730392897,2.3147251119535723,6,0.14473684210526316,12.0,0.21428571428571427,64.40615169708502,0.03671004409164746,0.10287547697869455,-1
carica,Ficus,2 Rue Eugene Atget,48.828839497864905,2.3497673462181323,2,0.4868421052631579,5.0,0.047619047619047616,716.1676681731624,0.4081993098935459,0.38407336436988687,-1
bungeana,Pinus,Route de la Ferme / Route de la Pyramide,48.82131243940147,2.455898290583926,1,1.0,16.0,0.30952380952380953,142.7713981801888,0.08137645526270587,0.6475430853270199,-1
baccata,Taxus,31 Route de ceinture du Lac Daumesnil,48.83207758657087,2.411817132919325,4,0.23026315789473686,5.0,0.047619047619047616,24.561216787364106,0.013999335893398144,0.07082210397772674,-1
baccata,Taxus,Cimetiere De Montmartre / Div 14,48.8858144164929,2.3301156114644277,4,0.23026315789473686,13.0,0.2380952380952381,1287.7359809915336,0.7339802704395958,0.45816396650079483,-1
sylvatica,Fagus,,48.836425026086125,2.2901856276830106,11,0.06698564593301437,10.0,0.16666666666666666,14.43661861419419,0.008228544819040217,0.026395230763184063,-1
kaki,Diospyros,,48.85580495491174,2.300302928952899,2,0.4868421052631579,14.0,0.26190476190476186,4.748563603988406,0.002706573435628764,0.30272688241023443,-1
pomifera,Maclura,6 Place Saint Pierre,48.88566917919937,2.3447140639945374,1,1.0,16.0,0.30952380952380953,72.8082087799555,0.041499025855739946,0.6305777638916513,-1
terebinthus,Pistacia,1 Avenue Gordon Bennett,48.84590426389465,2.2530267667948825,1,1.0,12.0,0.21428571428571427,117.9680891738452,0.0672391323013211,0.6010107698172871,-1
atlantica,Cedrus,1 Rue George Eastman,48.82776601459065,2.3592631864343536,8,0.10197368421052633,25.0,0.5238095238095238,1072.5445968961913,0.6113260675392819,0.45476364303706673,-1
x hispanica,Platanus,,48.880337104666346,2.381291342815737,39,0.0,30.0,0.6428571428571428,10.78567075080386,0.0061475874336072486,0.19010127850580183,2
atlantica,Cedrus,,48.85437944639592,2.2986297357649716,8,0.10197368421052633,20.0,0.40476190476190477,300.5106944363037,0.17128427257465836,0.2169064952497861,-1
japonicum,Styphnolobium,,48.881465865661504,2.3836769185762616,2,0.4868421052631579,12.0,0.21428571428571427,151.77744264065532,0.08650969611817569,0.31812091541143234,-1
x hispanica,Platanus,31 Route de ceinture du Lac Daumesnil,48.832600635230804,2.410534923538474,39,0.0,28.0,0.5952380952380952,52.09673157626428,0.029693954114664817,0.17985987689096433,-1
grandiflora,Magnolia,1 Avenue Gordon Bennett,48.847281171674815,2.2519271322165757,6,0.14473684210526316,10.0,0.16666666666666666,23.590359624065307,0.013445969354142488,0.07271919627040478,3
suber subsp. Occidentalis,Quercus,1 Avenue Gordon Bennett,48.84716612498836,2.25292826534423,1,1.0,11.0,0.19047619047619044,48.16620788343782,0.027453644854370126,0.5739551189466844,1
baccata,Taxus,,48.877042696680654,2.380508435099865,4,0.23026315789473686,14.0,0.26190476190476186,458.9225807441827,0.26157545094460405,0.2673150702986559,-1
involucrata var. vilmoriniana,Davidia,Allee de Longchamp / Route de Sevres à Neuilly,48.87312360126717,2.2487684479171466,1,1.0,15.0,0.2857142857142857,22.894215209629326,0.013049182844240585,0.6083447120296721,-1
biloba,Ginkgo,28 Boulevard Jourdan,48.82295102398932,2.3374722492459696,8,0.10197368421052633,22.0,0.45238095238095233,103.9632709124292,0.05925670387910938,0.18950474745686857,-1
tulipifera,Liriodendron,Avenue Daumesnil / Esplanade Saint-Louis,48.83940515607196,2.4333744865867284,4,0.23026315789473686,30.0,0.6428571428571428,19.268335685341565,0.010982513842906202,0.32277476015209433,4
grandiflora,Magnolia,1 Avenue Gordon Bennett,48.84748765918048,2.2525338764384095,6,0.14473684210526316,10.0,0.16666666666666666,34.541516219552136,0.019687879961775522,0.0753747340371103,1
hippocastanum,Aesculus,,48.88011122661839,2.38566687472895,8,0.10197368421052633,25.0,0.5238095238095238,7.497432683861746,0.004273366396632268,0.1965011532965737,-1
minor,Ulmus,Place Saint-Gervais,48.855759637809996,2.353991516603295,1,1.0,12.0,0.21428571428571427,602.8186764673566,0.34359295826995967,0.7185818258551385,-1
sempervirens,Sequoia,28 Boulevard Jourdan,48.82202510003852,2.3362770386072533,2,0.4868421052631579,22.0,0.45238095238095233,63.06645856022923,0.035946449422079904,0.39790390445599344,-1
carpinifolia,Zelkova,3 Place Paul Painleve,48.849946473217486,2.344223855945223,3,0.3157894736842105,20.0,0.40476190476190477,135.10759117424345,0.0770082592801028,0.29808479520856346,-1
hippocastanum,Aesculus,1  Place du General Catroux,48.88233169960192,2.3102453885200793,8,0.10197368421052633,26.0,0.5476190476190477,701.4802995638805,0.3998278432707168,0.3749139842093085,-1
hippocastanum,Aesculus,14 Impasse Berthaud,48.86147409766158,2.3543747057171034,8,0.10197368421052633,11.0,0.19047619047619044,898.9478351784882,0.5123798549663527,0.27085606535970985,-1
x hispanica,Platanus,31 Route de ceinture du Lac Daumesnil,48.83213592811154,2.4107051100274477,39,0.0,35.0,0.7619047619047619,0.0,0.0,0.23813309386801257,0
sylvatica,Fagus,,48.8217706919343,2.3229013014056803,11,0.06698564593301437,15.0,0.2857142857142857,1434.3807119888484,0.817564437461996,0.4213636358323313,-1
fraxinifolia,Pterocarya,1 Place d'Estienne d'Orves,48.87668684927223,2.3319088954708587,6,0.14473684210526316,26.0,0.5476190476190477,1557.91950400234,0.8879787438961655,0.6068486408472793,-1
hippocastanum,Aesculus,50 Avenue Gambetta,48.86503551020094,2.400931755232685,8,0.10197368421052633,26.0,0.5476190476190477,148.33289219332227,0.08454638057353302,0.2407816833861134,-1
sylvatica,Fagus,28 Boulevard Jourdan,48.822604059870535,2.3367012201599313,11,0.06698564593301437,22.0,0.45238095238095233,103.9632709124292,0.05925670387910938,0.16965782069158147,-1
tulipifera,Liriodendron,1 Avenue Gordon Bennett,48.84650062322207,2.252267168332087,4,0.23026315789473686,22.0,0.45238095238095233,20.221657759321328,0.011525885779393471,0.24197037116385345,-1
fraxinifolia,Pterocarya,6 Place Saint Pierre,48.885301992232506,2.3427208867461027,6,0.14473684210526316,26.0,0.5476190476190477,135.22781149518798,0.0770767821333753,0.2618611971111613,-1
stenoptera,Pterocarya,1 Avenue Gordon Bennett,48.84714674672381,2.2519835357695808,1,1.0,20.0,0.40476190476190477,23.590359624065307,0.013445969354142488,0.659160744158009,3
carpinifolia,Zelkova,Route des Tribunes,48.86254970665174,2.237898404323531,3,0.3157894736842105,16.0,0.30952380952380953,320.80177170238295,0.1828497258966973,0.30259585839418096,-1
x hispanica,Platanus,28 Boulevard Jourdan,48.822714704800305,2.338688411499106,39,0.0,25.0,0.5238095238095238,70.06348428922027,0.03993459521644007,0.15382828655536213,-1
biloba,Ginkgo,Chemin de Ceinture du lac Inferieur,48.86289330961346,2.261460571820377,8,0.10197368421052633,17.0,0.33333333333333337,52.80366930638897,0.030096892569441352,0.12645186936232033,-1
biloba,Ginkgo,28 Boulevard Jourdan,48.823128861157336,2.3387092581960562,8,0.10197368421052633,20.0,0.40476190476190477,70.06348428922027,0.03993459521644007,0.1610255237339827,-1
nigra,Betula,1 Avenue Gordon Bennett,48.84778224739848,2.2537228817251775,3,0.3157894736842105,20.0,0.40476190476190477,60.02411901274098,0.034212384957937866,0.2798778602385692,-1
x hispanica,Platanus,,48.8804042053364,2.3813826943597394,39,0.0,31.0,0.6666666666666666,9.347691035701418,0.005327971646087771,0.1998820287989671,2
giganteum,Sequoiadendron,10 Avenue des Champs Elysees,48.86697545705264,2.319515215634701,5,0.17894736842105266,19.0,0.38095238095238093,740.1590219657899,0.4218738368189845,0.35705028311359405,-1
dioica,Gymnocladus,,48.869150319994105,2.272252012873678,2,0.4868421052631579,13.0,0.2380952380952381,390.3393377196059,0.22248455963935101,0.3860990557211788,-1
robur,Quercus,Avenue de la Pepiniere / Route du Grand Marechal,48.84330787158673,2.449742615426643,2,0.4868421052631579,30.0,0.6428571428571428,1651.0587397561912,0.9410659935003205,0.8640105235724147,-1
tomentosa,Tilia,,48.88302932605956,2.3700627971907866,1,1.0,23.0,0.47619047619047616,1303.8570892754415,0.7431689361231452,1.0,-1
glyptostroboides,Metasequoia,10 Villa Sainte Croix,48.89393780726534,2.3244386625077906,1,1.0,19.0,0.38095238095238093,206.70929372472037,0.11781960397940111,0.6934356725189837,-1
x hispanica,Platanus,Avenue Daumesnil / Esplanade Saint-Louis,48.83951761273883,2.4334329799079644,39,0.0,30.0,0.6428571428571428,10.992462433586075,0.006265453997478735,0.19015142326619133,4
azedarach,Melia,1 Rue de Babylone,48.85135747474973,2.3251319038980833,1,1.0,10.0,0.16666666666666666,1546.9887379694458,0.8817484554462317,0.9272740275909162,-1
babylonica,Salix,,48.85774901106895,2.339403945743016,2,0.4868421052631579,14.0,0.26190476190476186,970.3946491787393,0.5531029167088487,0.5368856789862869,-1
atlantica,Cedrus,51 Avenue du Marechal Fayolle,48.86723653575138,2.270294775073854,8,0.10197368421052633,6.0,0.07142857142857142,390.3393377196059,0.22248455963935101,0.0968767468766104,-1
x hispanica,Platanus,31 Route de ceinture du Lac Daumesnil,48.83222068433813,2.4105682257334626,39,0.0,27.0,0.5714285714285714,10.016270889579104,0.005709046982339353,0.1595263725551167,0
granatum,Punica,6 Place Saint Pierre,48.8856415357491,2.3438204500912323,1,1.0,3.0,0.0,99.5866616808673,0.05676213599034326,0.5053884669591319,-1
x hispanica,Platanus,16 Rue Joseph Kessel,48.83416244901348,2.382559592189677,39,0.0,35.0,0.7619047619047619,1555.9099931012952,0.8868333683095763,0.6154245436111188,-1
x hispanica,Platanus,7 Avenue Winston Churchill,48.865145918298765,2.3133311934076186,39,0.0,28.0,0.5952380952380952,17.391631648967447,0.0099128351537293,0.17144426318380512,-1
x hispanica,Platanus,,48.887621002634695,2.316435229873108,39,0.0,34.0,0.7380952380952381,92.57212046580973,0.05276400676662353,0.2504513931582946,-1
sylvatica,Fagus,2 Place Emile Male,48.84488752280194,2.3536691618715215,11,0.06698564593301437,3.0,0.0,796.7202628711211,0.4541124598821752,0.14518449175094855,-1
atlantica,Cedrus,2 Boulevard Henri IV,48.8497459363784,2.3600393665237775,8,0.10197368421052633,3.0,0.0,433.0611693112125,0.24683503362481654,0.07684799709093905,-1
frainetto,Quercus,21 Rue Rottembourg,48.83881631672055,2.4065668582736595,2,0.4868421052631579,14.0,0.26190476190476186,991.2667219111765,0.5649995242549027,0.5419469322819666,-1
atlantica,Cedrus,Carrefour de Longchamp,48.863390731261134,2.2404811309796577,8,0.10197368421052633,25.0,0.5238095238095238,34.663506140763054,0.019757411447020156,0.20308863411733263,-1
x hispanica,Platanus,,48.829253212711265,2.41318206133542,39,0.0,27.0,0.5714285714285714,371.8696959239452,0.2119572831787963,0.24727193877106435,-1
grandiflora,Magnolia,Chemin de Ceinture du lac Inferieur,48.85867307128757,2.2583393528092057,6,0.14473684210526316,10.0,0.16666666666666666,285.6364101322691,0.16280626824983974,0.13626254693597173,-1
ilex,Quercus,10 Avenue Foch,48.873680917218074,2.2902524392466423,4,0.23026315789473686,11.0,0.19047619047619044,32.356371249935854,0.018442396943964882,0.13348901465760854,-1
x hispanica,Platanus,7 Avenue Winston Churchill,48.86524779924705,2.3133517483388184,39,0.0,30.0,0.6428571428571428,17.391631648967447,0.0099128351537293,0.19170315301992236,-1
distichum,Taxodium,31 Route de ceinture du Lac Daumesnil,48.8326105737739,2.411452735786781,4,0.23026315789473686,18.0,0.3571428571428571,35.03559241357429,0.019969492174107217,0.20504481141878977,0
decurrens,Calocedrus,6 Rue Paul Dukas,48.84087770055659,2.3921128567976853,2,0.4868421052631579,20.0,0.40476190476190477,1555.9099931012952,0.8868333683095763,0.7396435260273113,-1
monspessulanum,Acer,Cimetiere Du Pere Lachaise / Div 77,48.86193298907538,2.39871043491187,2,0.4868421052631579,11.0,0.19047619047619044,29.64454598111821,0.01689671811416383,0.2783755557898798,-1
distichum,Taxodium,Carrefour de Longchamp,48.86326316465342,2.2407247706019686,4,0.23026315789473686,30.0,0.6428571428571428,34.663506140763054,0.019757411447020156,0.3265079235136784,-1
paniculata,Koelreuteria,10 Avenue Foch,48.87354080359454,2.290450184951525,1,1.0,10.0,0.16666666666666666,32.356371249935854,0.018442396943964882,0.5599919585758661,-1
hippocastanum,Aesculus,Cimetiere Du Pere Lachaise / Div 76,48.85974252900819,2.399983132227271,8,0.10197368421052633,22.0,0.45238095238095233,317.02936020281703,0.18069953699654023,0.24117098398462056,-1
sinensis,Toona,,48.89335545445399,2.3468204796812233,1,1.0,16.0,0.30952380952380953,1018.5353863732884,0.5805420438488776,0.8599064393791253,-1
decurrens,Calocedrus,41 Avenue Gabriel,48.86857287601004,2.313325593912662,2,0.4868421052631579,22.0,0.45238095238095233,562.7014147365156,0.3207270299669962,0.5190600110392177,-1
koraiensis,Celtis,2 Rue Jean Formige,48.84264131753845,2.296091104016332,2,0.4868421052631579,18.0,0.3571428571428571,89.05862568655091,0.05076139451820065,0.363688945936998,-1
dioica,Gymnocladus,Cimetiere Du Pere Lachaise / Div 77,48.8615163413308,2.3990659845340123,2,0.4868421052631579,11.0,0.19047619047619044,80.85121735254924,0.04608335812136074,0.2907926232063163,-1
giganteum,Sequoiadendron,,48.879752051499075,2.3806624573767166,5,0.17894736842105266,33.0,0.7142857142857143,121.27877426411217,0.06912614763191974,0.34879070388751565,-1
hippocastanum,Aesculus,1 Rue Emile Deslandres,48.83303012348956,2.3506965031403526,8,0.10197368421052633,17.0,0.33333333333333337,66.35214144791841,0.03781921406489741,0.12973722823188638,-1
colurna,Corylus,3 Place de Varsovie,48.86159461179353,2.291036270818486,6,0.14473684210526316,20.0,0.40476190476190477,216.62208119342472,0.12346966776148759,0.2208217631443194,-1
tulipifera,Liriodendron,,48.8946383149938,2.326851263435612,4,0.23026315789473686,18.0,0.3571428571428571,110.5162907017198,0.06299177636922967,0.22334806945493918,-1
x hispanica,Platanus,31 Route de ceinture du Lac Daumesnil,48.832298926112465,2.410629479082838,39,0.0,30.0,0.6428571428571428,14.885120513374885,0.00848418071810071,0.1910953510105915,0
hippocastanum,Aesculus,,48.88007457788323,2.3857046967000635,8,0.10197368421052633,22.0,0.45238095238095233,7.497432683861746,0.004273366396632268,0.1661128185423978,-1
frainetto,Quercus,260 Rue de Vaugirard,48.83964416264175,2.300975580958026,2,0.4868421052631579,15.0,0.2857142857142857,676.205680762742,0.38542188442763675,0.47567746113192433,-1
biloba,Ginkgo,Cimetiere Du Pere Lachaise / Div 78,48.86385698772611,2.3966371547354712,8,0.10197368421052633,16.0,0.30952380952380953,81.93342327119386,0.04670019092293121,0.12338607668171202,-1
sylvatica,Fagus,11 Boulevard d'Algerie,48.881021095367366,2.399244317146642,11,0.06698564593301437,19.0,0.38095238095238093,189.5347705469803,0.10803051572470891,0.16001965483982333,-1
bignonioides,Catalpa,32 Route de l'Etoile,48.87408216637905,2.2591649767628947,1,1.0,24.0,0.5,445.2659765438306,0.2537914966308146,0.8019303285839772,-1
sylvatica,Fagus,60 Boulevard Lannes,48.86420036288687,2.267960367030491,11,0.06698564593301437,17.0,0.33333333333333337,575.7701650497057,0.3281759209126363,0.23341869674792792,-1
x hispanica,Platanus,Avenue Daumesnil / Esplanade Saint-Louis,48.839515960696176,2.4333342648445497,39,0.0,30.0,0.6428571428571428,10.992462433586075,0.006265453997478735,0.19015142326619133,4
sinica,Zelkova,Route de la Ferme / Route de la Pyramide,48.821793247965076,2.4548439563694626,1,1.0,18.0,0.3571428571428571,142.7713981801888,0.08137645526270587,0.6678019751631371,-1
biloba,Ginkgo,1 Avenue Gordon Bennett,48.847636383918534,2.252746487560186,8,0.10197368421052633,25.0,0.5238095238095238,34.541516219552136,0.019687879961775522,0.2030590528726387,1
ilex,Quercus,1 Avenue Gordon Bennett,48.84656522855311,2.2524200093560425,4,0.23026315789473686,13.0,0.2380952380952381,20.221657759321328,0.011525885779393471,0.15080536690132584,-1
alba,Morus,1 Bis Rue Saint Martin,48.85786707488421,2.3481193019963156,1,1.0,7.0,0.09523809523809523,744.6147013515431,0.42441347290031006,0.7023186132151314,-1
lotus,Diospyros,,48.887281093948566,2.317086624096253,3,0.3157894736842105,13.0,0.2380952380952381,11.740233336753974,0.006691666433751139,0.1972634225115208,-1
sp.,Morus,45 Rue d'Ulm,48.84128069137753,2.344837586166943,3,0.3157894736842105,10.0,0.16666666666666666,1157.0394433004305,0.659486211489584,0.444597836009337,-1
sempervirens,Sequoia,3 Place de Varsovie,48.86245184718756,2.289590998794443,2,0.4868421052631579,18.0,0.3571428571428571,36.83733652869553,0.02099644541017458,0.3510258446128982,-1
orientalis,Platanus,6 Place Saint Pierre,48.88460843256252,2.3439162521533463,6,0.14473684210526316,28.0,0.5952380952380952,92.93454274793223,0.05297057923844402,0.2718644238621529,-1
x hispanica,Platanus,31 Route de ceinture du Lac Daumesnil,48.83208536842636,2.41100088271903,39,0.0,35.0,0.7619047619047619,13.642573103822599,0.0077759569073511045,0.24144127120949743,0
carica,Ficus,8 Rue Payenne,48.858282014145885,2.3626526679895483,2,0.4868421052631579,10.0,0.16666666666666666,1054.385135360042,0.6009755867838421,0.5167346894474641,-1
lotus,Diospyros,,48.85579301773249,2.300264322422256,3,0.3157894736842105,13.0,0.2380952380952381,4.748563603988406,0.002706573435628764,0.19556801775077232,-1
nigra,Pinus,Carrefour de la Grande Cascade / Carrefour de la Croix Catelan,48.86396626466461,2.25135076402639,3,0.3157894736842105,27.0,0.5714285714285714,171.32933094855554,0.09765382851772826,0.3777742922035424,-1
fraxinifolia,Pterocarya,6 Place Saint Pierre,48.88609867629193,2.344680142737716,6,0.14473684210526316,26.0,0.5476190476190477,72.8082087799555,0.041499025855739946,0.2467251143652196,-1
colurna,Corylus,50 Rue de Bretagne,48.86483748918709,2.3606255373544416,6,0.14473684210526316,16.0,0.30952380952380953,651.0698929241048,0.37109505608095217,0.2856529081864704,-1
x hispanica,Platanus,79 Bis Rue La Fayette,48.876921252496146,2.3467187956592257,39,0.0,27.0,0.5714285714285714,1338.1177265950173,0.7626967214894379,0.48157670056301216,-1
baccata,Taxus,Allee de Longchamp / Route de Sevres à Neuilly,48.87093693583291,2.2480344507355077,4,0.23026315789473686,15.0,0.2857142857142857,122.29446642396557,0.06970506910120924,0.19581581571655376,-1
babylonica,Salix,Route de Suresnes / Route des Moulins,48.86481041559825,2.233706017269413,2,0.4868421052631579,10.0,0.16666666666666666,603.4463004121388,0.3439506896679524,0.40738686885545045,-1
sp.,Tamarix,2 Quai de l'Archeveche,48.85235484734731,2.3518099200412093,3,0.3157894736842105,3.0,0.0,114.22482327774976,0.06510555573337592,0.12082038484355977,-1
sp.,Alnus,2 Rue Jean Formige,48.842820740868255,2.297287282933029,3,0.3157894736842105,20.0,0.40476190476190477,47.82892363470529,0.02726140049080959,0.2769206564385548,-1
x hispanica,Platanus,Allee de Longchamp / Route de Sevres à Neuilly,48.869224345527115,2.2460170341502077,39,0.0,40.0,0.8809523809523809,192.9481855686073,0.10997608478364541,0.3355681795693323,-1
x hispanica,Platanus,,48.86711843883388,2.252942110616445,39,0.0,45.0,1.0,390.42253597834053,0.22253198075776934,0.43410081159547553,-1
colurna,Corylus,10 Avenue Foch,48.872796324445474,2.287540631362734,6,0.14473684210526316,14.0,0.26190476190476186,100.72716505035893,0.05741219701522211,0.13194182215924394,-1
japonica,Cryptomeria,31 Route de ceinture du Lac Daumesnil,48.831216574809346,2.4116774009977107,1,1.0,13.0,0.2380952380952381,39.25840787488854,0.02237640110580097,0.5920539630255607,-1
